https://www.friendsofhollinhills.org/	home
https://www.friendsofhollinhills.org/about-fohh.html	about-fohh
https://www.friendsofhollinhills.org/about-goodman.html	about-goodman
https://www.friendsofhollinhills.org/about-goodman1.html	about-goodman1
https://www.friendsofhollinhills.org/allison-heck.html	allison-heck
https://www.friendsofhollinhills.org/barbara-bogue.html	barbara-bogue
https://www.friendsofhollinhills.org/bocce-with-friends.html	bocce-with-friends
https://www.friendsofhollinhills.org/brad-hemp.html	brad-hemp
https://www.friendsofhollinhills.org/christina-curley.html	christina-curley
https://www.friendsofhollinhills.org/communities.html	communities
https://www.friendsofhollinhills.org/contact.html	contact
https://www.friendsofhollinhills.org/dennis-carmichael.html	dennis-carmichael
https://www.friendsofhollinhills.org/drinks-with-friends.html	drinks-with-friends
https://www.friendsofhollinhills.org/events-calendar.html	events-calendar
https://www.friendsofhollinhills.org/events.html	events
https://www.friendsofhollinhills.org/faq.html	faq
https://www.friendsofhollinhills.org/giving-tuesday.html	giving-tuesday
https://www.friendsofhollinhills.org/goodman-symposium-program-at-a-glance.html	goodman-symposium-program-at-a-glance
https://www.friendsofhollinhills.org/grants.html	grants
https://www.friendsofhollinhills.org/gregory-k-hunt.html	gregory-k-hunt
https://www.friendsofhollinhills.org/gwen-wright.html	gwen-wright
https://www.friendsofhollinhills.org/historicplaques.html	historicplaques
https://www.friendsofhollinhills.org/jaclyn-vann.html	jaclyn-vann
https://www.friendsofhollinhills.org/jane-runnels.html	jane-runnels
https://www.friendsofhollinhills.org/janet-bloomberg.html	janet-bloomberg
https://www.friendsofhollinhills.org/janet-lewis.html	janet-lewis
https://www.friendsofhollinhills.org/jeff-vandersall.html	jeff-vandersall
https://www.friendsofhollinhills.org/jennifer-reut.html	jennifer-reut
https://www.friendsofhollinhills.org/jodie-burns.html	jodie-burns
https://www.friendsofhollinhills.org/john-a-burns.html	john-a-burns
https://www.friendsofhollinhills.org/john-carter.html	john-carter
https://www.friendsofhollinhills.org/john-nolan.html	john-nolan
https://www.friendsofhollinhills.org/joseph-dye-lahendro.html	joseph-dye-lahendro
https://www.friendsofhollinhills.org/julia-heine.html	julia-heine
https://www.friendsofhollinhills.org/living-modern.html	living-modern
https://www.friendsofhollinhills.org/marie-spittell.html	marie-spittell
https://www.friendsofhollinhills.org/mark-mcinturff.html	mark-mcinturff
https://www.friendsofhollinhills.org/mary-means.html	mary-means
https://www.friendsofhollinhills.org/media-kit-photos.html	media-kit-photos
https://www.friendsofhollinhills.org/media-kit.html	media-kit
https://www.friendsofhollinhills.org/michael-cook.html	michael-cook
https://www.friendsofhollinhills.org/michael-l-poss.html	michael-l-poss
https://www.friendsofhollinhills.org/michael-rich.html	michael-rich
https://www.friendsofhollinhills.org/michael-shapiro.html	michael-shapiro
https://www.friendsofhollinhills.org/mila-antova.html	mila-antova
https://www.friendsofhollinhills.org/news.html	news
https://www.friendsofhollinhills.org/news/friends-of-hollin-hills-october-2025-newsletter	news-friends-of-hollin-hills-october-2025-newsletter
https://www.friendsofhollinhills.org/news/step-into-fall-and-across-a-new-bridge	news-step-into-fall-and-across-a-new-bridge
https://www.friendsofhollinhills.org/over-the-years.html	over-the-years
https://www.friendsofhollinhills.org/parks.html	parks
https://www.friendsofhollinhills.org/program.html	program
https://www.friendsofhollinhills.org/rachel-flynn.html	rachel-flynn
https://www.friendsofhollinhills.org/richard-guy-wilson.html	richard-guy-wilson
https://www.friendsofhollinhills.org/robert-fina.html	robert-fina
https://www.friendsofhollinhills.org/store.html	store
https://www.friendsofhollinhills.org/store/c1/Featured_Products.html	store-c1-Featured_Products
https://www.friendsofhollinhills.org/store/c2/Donation.html	store-c2-Donation
https://www.friendsofhollinhills.org/store/c3/Events.html	store-c3-Events
https://www.friendsofhollinhills.org/store/c4/FOHH_Merchandise.html	store-c4-FOHH_Merchandise
https://www.friendsofhollinhills.org/store/p10/%24500_Donation.html	store-p10-500_Donation
https://www.friendsofhollinhills.org/store/p12/Cocktail.html	store-p12-Cocktail
https://www.friendsofhollinhills.org/store/p2/Educational_Event%3A_Efficient_Modernism.html	store-p2-Educational_Event-_Efficient_Modernism
https://www.friendsofhollinhills.org/store/p21/%2410_Parks_Donation.html	store-p21-10_Parks_Donation
https://www.friendsofhollinhills.org/store/p24/%2425_Parks_Donation.html	store-p24-25_Parks_Donation
https://www.friendsofhollinhills.org/store/p25/%2450_Parks_Donation.html	store-p25-50_Parks_Donation
https://www.friendsofhollinhills.org/store/p26/%24100_Parks_Donation.html	store-p26-100_Parks_Donation
https://www.friendsofhollinhills.org/store/p27/%24250_Parks_Donation.html	store-p27-250_Parks_Donation
https://www.friendsofhollinhills.org/store/p28/%24500_Parks_Donation.html	store-p28-500_Parks_Donation
https://www.friendsofhollinhills.org/store/p29/%245_Parks_Donation.html	store-p29-5_Parks_Donation
https://www.friendsofhollinhills.org/store/p3/Modern_Landscapes.html	store-p3-Modern_Landscapes
https://www.friendsofhollinhills.org/store/p30/Friends_of_Hollin_Hills_Donation.html	store-p30-Friends_of_Hollin_Hills_Donation
https://www.friendsofhollinhills.org/store/p31/Nature%E2%80%99s_Best_Hope%3A_Tallamy_offers_advice_on_how_we_can_restore_biodiversity.html	store-p31-Nature-s_Best_Hope-_Tallamy_offers_advice_on_how_we_can_restore_biodiversity
https://www.friendsofhollinhills.org/store/p32/Pint_Glass.html	store-p32-Pint_Glass
https://www.friendsofhollinhills.org/store/p33/Low_Ball_Glass.html	store-p33-Low_Ball_Glass
https://www.friendsofhollinhills.org/store/p34/Insulated_Coffee_Mug.html	store-p34-Insulated_Coffee_Mug
https://www.friendsofhollinhills.org/store/p35/2025_Turkey_Trot_Registration_and_Donation.html	store-p35-2025_Turkey_Trot_Registration_and_Donation
https://www.friendsofhollinhills.org/store/p36/Support_Friends_of_Hollin_Hills%21.html	store-p36-Support_Friends_of_Hollin_Hills
https://www.friendsofhollinhills.org/store/p38/loveourparks.html	store-p38-loveourparks
https://www.friendsofhollinhills.org/store/p39/Whisky_Tasting_Upgrade_%E2%80%93_%2475.html	store-p39-Whisky_Tasting_Upgrade_-_-75
https://www.friendsofhollinhills.org/store/p4/An_Architectural_Laboratory%3A_A_History_of_Hollin_Hills.html	store-p4-An_Architectural_Laboratory-_A_History_of_Hollin_Hills
https://www.friendsofhollinhills.org/store/p40/plaque.html	store-p40-plaque
https://www.friendsofhollinhills.org/store/p42/Tiki.html	store-p42-Tiki
https://www.friendsofhollinhills.org/store/p6/%2425_Donation.html	store-p6-25_Donation
https://www.friendsofhollinhills.org/store/p7/%2450_Donation.html	store-p7-50_Donation
https://www.friendsofhollinhills.org/store/p8/%24100_Donation.html	store-p8-100_Donation
https://www.friendsofhollinhills.org/store/p9/%24250_Donation.html	store-p9-250_Donation
https://www.friendsofhollinhills.org/subscribe.html	subscribe
https://www.friendsofhollinhills.org/supporters.html	supporters
https://www.friendsofhollinhills.org/tickets.html	tickets
https://www.friendsofhollinhills.org/tours.html	tours
https://www.friendsofhollinhills.org/turkey-trot.html	turkey-trot
